person1;06.08.
person2;03.08.
person3;08.04.
person4;06.03.
person5;31.01.
person6;01.09.
person7;26.06.
person8;03.12.
person9;27.12.
person10;30.08.
person11;27.04.
person12;03.01.
person13;07.10.
person14;13.02.
person15;13.06.
person16;03.03.
person17;24.04.
person18;19.06.
person19;18.07.
person20;24.05.
person21;28.01.
person22;11.03.
person23;31.05.
person24;02.12.
person25;22.03.
person26;18.03.
person27;26.09.
person28;07.08.
person29;18.01.
person30;01.04.
person31;10.01.
person32;30.06.
person33;24.04.
person34;27.01.
person35;17.03.
person36;27.05.
person37;29.04.
person38;10.03.
person39;03.08.
person40;26.07.
person41;23.12.
person42;13.10.
person43;22.02.
person44;24.04.
person45;07.01.
person46;29.09.
person47;06.10.
person48;06.10.
person49;15.02.
person50;09.04.
person51;31.08.
person52;25.02.
